season,week,home_team,away_team,home_win,model_prob
2024,1,KC,BAL,1.0,0.5947338667593804
2024,1,PHI,GB,1.0,0.3582700763093696
2024,1,BUF,ARI,1.0,0.8114640756309481
2024,1,NO,CAR,1.0,0.7857583685180202
2024,1,CLE,DAL,0.0,0.38707630457631614
2024,1,SEA,DEN,1.0,0.7070719554419906
2024,1,IND,HOU,0.0,0.38734308758530234
2024,1,MIA,JAX,1.0,0.6534489813242084
2024,1,DET,LA,1.0,0.6208852350298151
2024,1,LAC,LV,1.0,0.5350991769838733
2024,1,NYG,MIN,0.0,0.5998267977094264
2024,1,CIN,NE,0.0,0.6733611364457545
2024,1,ATL,PIT,0.0,0.5768744107196938
2024,1,CHI,TEN,1.0,0.59500666685533
2024,1,TB,WAS,1.0,0.8214048548443583
2024,1,SF,NYJ,1.0,0.8344727610666307
2024,2,MIA,BUF,0.0,0.4327659705870462
2024,2,HOU,CHI,1.0,0.7145903453844726
2024,2,KC,CIN,1.0,0.7552488595081697
2024,2,JAX,CLE,0.0,0.605658929169565
2024,2,GB,IND,1.0,0.4918310179373976
2024,2,CAR,LAC,0.0,0.3178122266867861
2024,2,ARI,LA,1.0,0.41077596873192646
2024,2,BAL,LV,0.0,0.7509074609077694
2024,2,DAL,NO,0.0,0.6688305593748055
2024,2,WAS,NYG,1.0,0.4955612746441957
2024,2,TEN,NYJ,0.0,0.5238137985243397
2024,2,DEN,PIT,0.0,0.444631701775802
2024,2,NE,SEA,0.0,0.5474141690577661
2024,2,MIN,SF,1.0,0.36661017717254973
2024,2,DET,TB,0.0,0.6184629262442778
2024,2,PHI,ATL,0.0,0.6943478687668961
2024,3,NYJ,NE,1.0,0.5521031758912853
2024,3,DAL,BAL,0.0,0.5559170738733088
2024,3,LV,CAR,0.0,0.7738198503973198
2024,3,IND,CHI,1.0,0.632290195054285
2024,3,TB,DEN,0.0,0.7818245575300512
2024,3,ARI,DET,0.0,0.4586032965367669
2024,3,TEN,GB,0.0,0.488557777692769
2024,3,MIN,HOU,1.0,0.549067524534097
2024,3,ATL,KC,0.0,0.36055509152897686
2024,3,PIT,LAC,1.0,0.5915114064571071
2024,3,SEA,MIA,1.0,0.7384305819916699
2024,3,CLE,NYG,0.0,0.6737731212201011
2024,3,NO,PHI,0.0,0.6565146761883238
2024,3,LA,SF,1.0,0.34048887226848845
2024,3,BUF,JAX,1.0,0.8014835905491074
2024,3,CIN,WAS,0.0,0.7082138928128422
2024,4,NYG,DAL,0.0,0.38383712400502523
2024,4,BAL,BUF,1.0,0.5003823348684918
2024,4,CAR,CIN,0.0,0.479371083184006
2024,4,LV,CLE,1.0,0.591015230026785
2024,4,NYJ,DEN,0.0,0.6757987472781332
2024,4,HOU,JAX,1.0,0.649977831046172
2024,4,LAC,KC,0.0,0.3736335333534921
2024,4,CHI,LA,1.0,0.4562094754013462
2024,4,GB,MIN,0.0,0.5223574582838121
2024,4,SF,NE,1.0,0.7712983668340865
2024,4,ATL,NO,1.0,0.38656637365910707
2024,4,TB,PHI,1.0,0.5521457079434413
2024,4,IND,PIT,1.0,0.4415722681520179
2024,4,ARI,WAS,0.0,0.576280063372591
2024,4,DET,SEA,1.0,0.6147737181432057
2024,4,MIA,TEN,0.0,0.6459197470207357
2024,5,ATL,TB,1.0,0.4326287595988089
2024,5,SF,ARI,0.0,0.8178323220797081
2024,5,CIN,BAL,0.0,0.36935600509563354
2024,5,HOU,BUF,1.0,0.44138584128193825
2024,5,CHI,CAR,1.0,0.6266787852784633
2024,5,WAS,CLE,1.0,0.6875364157617648
2024,5,PIT,DAL,0.0,0.523034822415639
2024,5,LA,GB,0.0,0.4292588142781936
2024,5,JAX,IND,1.0,0.5690688085717531
2024,5,DEN,LV,1.0,0.5333712103479219
2024,5,NE,MIA,0.0,0.543196463184216
2024,5,SEA,NYG,0.0,0.6800752953016211
2024,5,MIN,NYJ,1.0,0.534381664819473
2024,5,KC,NO,1.0,0.6904050901240771
2024,6,SEA,SF,0.0,0.37019147874810265
2024,6,GB,ARI,1.0,0.7789016563541613
2024,6,CAR,ATL,0.0,0.3617107778941431
2024,6,NYG,CIN,0.0,0.5257693109998357
2024,6,PHI,CLE,1.0,0.7730728088772584
2024,6,DAL,DET,0.0,0.5204844809250199
2024,6,NE,HOU,0.0,0.28154036053951287
2024,6,TEN,IND,0.0,0.5398635417936747
2024,6,CHI,JAX,1.0,0.4456651788947078
2024,6,DEN,LAC,0.0,0.4661148391046204
2024,6,LV,PIT,0.0,0.3806141151924837
2024,6,NO,TB,0.0,0.3947523879735644
2024,6,BAL,WAS,1.0,0.7017715140122093
2024,6,NYJ,BUF,0.0,0.3718482080868424
2024,7,NO,DEN,0.0,0.5540397079091917
2024,7,WAS,CAR,1.0,0.796521285395965
2024,7,CLE,CIN,0.0,0.3647439784427162
2024,7,MIN,DET,0.0,0.5429475911058561
2024,7,GB,HOU,1.0,0.6551761320720635
2024,7,SF,KC,0.0,0.5462064231474721
2024,7,LA,LV,1.0,0.6977706240972945
2024,7,IND,MIA,1.0,0.6137121956050292
2024,7,JAX,NE,1.0,0.5349926199552909
2024,7,PIT,NYJ,1.0,0.6139637323745792
2024,7,NYG,PHI,0.0,0.40816994876622104
2024,7,ATL,SEA,0.0,0.5993997637503533
2024,7,BUF,TEN,1.0,0.8456105886252321
2024,7,TB,BAL,0.0,0.4676149792974777
2024,7,ARI,LAC,1.0,0.46286596208809133
2024,8,LA,MIN,1.0,0.44222759738650036
2024,8,MIA,ARI,0.0,0.549229620781346
2024,8,TB,ATL,0.0,0.628429840623646
2024,8,CLE,BAL,1.0,0.2102843366029962
2024,8,SEA,BUF,0.0,0.3974535831446681
2024,8,DEN,CAR,1.0,0.8797054044000584
2024,8,WAS,CHI,1.0,0.5980182522001014
2024,8,SF,DAL,1.0,0.6308542643929371
2024,8,JAX,GB,0.0,0.3445907903042668
2024,8,HOU,IND,1.0,0.6884687708034849
2024,8,LV,KC,0.0,0.2158300281635382
2024,8,LAC,NO,1.0,0.7034322530426467
2024,8,NE,NYJ,1.0,0.39179602401220603
2024,8,CIN,PHI,0.0,0.5792597761941498
2024,8,DET,TEN,1.0,0.8405732920207077
2024,8,PIT,NYG,1.0,0.7741534235200933
2024,9,NYJ,HOU,1.0,0.44933309761490653
2024,9,ARI,CHI,1.0,0.5272368244830287
2024,9,ATL,DAL,1.0,0.5574516749696747
2024,9,BAL,DEN,1.0,0.7578775687383186
2024,9,GB,DET,0.0,0.4988851645243951
2024,9,MIN,IND,1.0,0.7025881489304511
2024,9,PHI,JAX,1.0,0.746097565506986
2024,9,CLE,LAC,0.0,0.4968859357187265
2024,9,SEA,LA,0.0,0.5070499921031565
2024,9,CIN,LV,1.0,0.7757626598763279
2024,9,BUF,MIA,1.0,0.8234170366011312
2024,9,TEN,NE,1.0,0.6141334097628214
2024,9,CAR,NO,1.0,0.32384965915567254
2024,9,NYG,WAS,0.0,0.43719655860339757
2024,9,KC,TB,1.0,0.7632021488366041
2024,10,BAL,CIN,1.0,0.7191032472013708
2024,10,NO,ATL,1.0,0.4846088875576046
2024,10,IND,BUF,0.0,0.3113779357267534
2024,10,KC,DEN,1.0,0.7825484237562986
2024,10,HOU,DET,0.0,0.39093516142078566
2024,10,JAX,MIN,0.0,0.29934219532594336
2024,10,CHI,NE,0.0,0.6891250959991664
2024,10,CAR,NYG,1.0,0.3148243375347838
2024,10,ARI,NYJ,1.0,0.5548517579393395
2024,10,DAL,PHI,0.0,0.2892871599353235
2024,10,WAS,PIT,0.0,0.4640065698367823
2024,10,TB,SF,0.0,0.3810519704981044
2024,10,LAC,TEN,1.0,0.7195319934613332
2024,10,LA,MIA,0.0,0.6623050025827626
2024,11,PHI,WAS,1.0,0.6981155052669918
2024,11,DEN,ATL,1.0,0.5596232049139788
2024,11,PIT,BAL,1.0,0.35557008705147736
2024,11,LAC,CIN,1.0,0.5485591766071822
2024,11,NO,CLE,1.0,0.5916447774726111
2024,11,CHI,GB,0.0,0.24570642737892973
2024,11,NYJ,IND,0.0,0.5835601819002579
2024,11,DET,JAX,1.0,0.8886744855410166
2024,11,BUF,KC,1.0,0.5627364943354322
2024,11,NE,LA,0.0,0.444045019212043
2024,11,MIA,LV,1.0,0.6594341677404737
2024,11,TEN,MIN,0.0,0.3787611666312073
2024,11,SF,SEA,0.0,0.6911058847283954
2024,11,DAL,HOU,0.0,0.4308298566389185
2024,12,CLE,PIT,1.0,0.33485968276138295
2024,12,SEA,ARI,1.0,0.47968008555846003
2024,12,WAS,DAL,0.0,0.7360939371576641
2024,12,LV,DEN,0.0,0.3434638078409071
2024,12,IND,DET,0.0,0.24481398826516584
2024,12,CAR,KC,0.0,0.21356529626692078
2024,12,CHI,MIN,0.0,0.30894342940641706
2024,12,MIA,NE,1.0,0.6919860985538022
2024,12,LA,PHI,0.0,0.4062860735176805
2024,12,GB,SF,1.0,0.7389242368649057
2024,12,NYG,TB,0.0,0.27814527678654677
2024,12,HOU,TEN,0.0,0.7178909681525507
2024,12,LAC,BAL,0.0,0.3829403814490367
2024,13,DET,CHI,1.0,0.8723339657597284
2024,13,GB,MIA,1.0,0.7014562083782737
2024,13,DAL,NYG,1.0,0.6726642068769717
2024,13,KC,LV,1.0,0.8782932178119965
2024,13,MIN,ARI,1.0,0.6933255222708822
2024,13,JAX,HOU,0.0,0.3964446604080028
2024,13,NE,IND,0.0,0.5093543848890709
2024,13,ATL,LAC,0.0,0.5665690050313809
2024,13,NO,LA,0.0,0.6379558984954682
2024,13,BAL,PHI,0.0,0.6541763301258677
2024,13,CIN,PIT,0.0,0.5669534412215751
2024,13,NYJ,SEA,0.0,0.5201311092918333
2024,13,BUF,SF,1.0,0.7949469398524079
2024,13,CAR,TB,0.0,0.27585968886301343
2024,13,WAS,TEN,1.0,0.6407917819369029
2024,13,DEN,CLE,1.0,0.7014440966540073
2024,14,DET,GB,1.0,0.6503821997110779
2024,14,MIN,ATL,1.0,0.7335499319139078
2024,14,LA,BUF,1.0,0.31942991115928554
2024,14,PHI,CAR,1.0,0.8926748884159078
2024,14,SF,CHI,1.0,0.7486611918325191
2024,14,PIT,CLE,1.0,0.7451260165584085
2024,14,TEN,JAX,0.0,0.6754992297760843
2024,14,KC,LAC,1.0,0.7454721362421154
2024,14,TB,LV,1.0,0.7775212086830855
2024,14,NYG,NO,0.0,0.3135496147267337
2024,14,MIA,NYJ,1.0,0.7050376281186361
2024,14,ARI,SEA,0.0,0.4957887146484715
2024,14,DAL,CIN,0.0,0.4743135659711346
2024,15,SF,LA,0.0,0.6408914747284958
2024,15,NYG,BAL,0.0,0.1206636498049527
2024,15,DET,BUF,0.0,0.6286760997322732
2024,15,TEN,CIN,0.0,0.298026605728351
2024,15,CAR,DAL,0.0,0.3794041489335824
2024,15,SEA,GB,0.0,0.43820010562153344
2024,15,DEN,IND,1.0,0.7546977487540898
2024,15,CLE,KC,0.0,0.23593842917799296
2024,15,HOU,MIA,1.0,0.6262983272844082
2024,15,ARI,NE,1.0,0.6513168558397853
2024,15,JAX,NYJ,0.0,0.5404466390226625
2024,15,PHI,PIT,1.0,0.6652436103443737
2024,15,LAC,TB,0.0,0.5454952626138361
2024,15,NO,WAS,0.0,0.3622731795854298
2024,15,LV,ATL,0.0,0.39481609789001204
2024,15,MIN,CHI,1.0,0.8094818043336817
2024,16,LAC,DEN,1.0,0.452419733878361
2024,16,KC,HOU,1.0,0.7652188488615781
2024,16,BAL,PIT,1.0,0.7150124508416378
2024,16,CAR,ARI,1.0,0.2862709899978548
2024,16,CIN,CLE,1.0,0.7520562630998238
2024,16,CHI,DET,0.0,0.16480668112195024
2024,16,LV,JAX,1.0,0.5657780267743605
2024,16,NYJ,LA,0.0,0.4089677905164479
2024,16,SEA,MIN,0.0,0.4583937128091791
2024,16,BUF,NE,1.0,0.8921668631886208
2024,16,ATL,NYG,1.0,0.6864695824055909
2024,16,WAS,PHI,1.0,0.3805701479777376
2024,16,MIA,SF,1.0,0.48558498131857086
2024,16,DAL,TB,1.0,0.3712974672115106
2024,16,IND,TEN,1.0,0.5998961559539894
2024,16,GB,NO,1.0,0.8632927371688224
2024,17,HOU,BAL,0.0,0.32530940773922734
2024,17,PIT,KC,0.0,0.37991718921749895
2024,17,CHI,SEA,0.0,0.39488334410883796
2024,17,LA,ARI,1.0,0.6586779341188685
2024,17,CIN,DEN,1.0,0.5920854808160851
2024,17,NE,LAC,0.0,0.37195795075910765
2024,17,WAS,ATL,1.0,0.7043308641587337
2024,17,TB,CAR,1.0,0.8410634705331015
2024,17,PHI,DAL,1.0,0.785357360834608
2024,17,MIN,GB,1.0,0.4983998031310839
2024,17,NYG,IND,1.0,0.3708875329003037
2024,17,NO,LV,0.0,0.5778502400924476
2024,17,CLE,MIA,0.0,0.5234138469083666
2024,17,BUF,NYJ,1.0,0.8628329527764187
2024,17,JAX,TEN,1.0,0.5022368348431829
2024,17,SF,DET,0.0,0.3542878752928317
2024,18,PIT,CIN,0.0,0.4781068551741789
2024,18,BAL,CLE,1.0,0.9474136105333666
2024,18,NE,BUF,1.0,0.17365828371975292
2024,18,ATL,CAR,0.0,0.7313829529285866
2024,18,GB,CHI,0.0,0.8401580472629155
2024,18,TEN,HOU,0.0,0.44167535699871346
2024,18,IND,JAX,1.0,0.6006175129721512
2024,18,DEN,KC,1.0,0.42934362078084376
2024,18,LV,LAC,0.0,0.3335225492673038
2024,18,NYJ,MIA,1.0,0.40810557160394406
2024,18,DET,MIN,1.0,0.6492590782919018
2024,18,TB,NO,1.0,0.8745129355648962
2024,18,PHI,NYG,1.0,0.853633524892075
2024,18,LA,SEA,0.0,0.5420203065869654
2024,18,ARI,SF,1.0,0.6418082926120817
2024,18,DAL,WAS,0.0,0.32871900687374034
2024,19,HOU,LAC,1.0,0.3964480162199217
2024,19,BAL,PIT,1.0,0.8323197481134087
2024,19,BUF,DEN,1.0,0.6535219128630599
2024,19,PHI,GB,1.0,0.5850909067163595
2024,19,TB,WAS,0.0,0.6150342248867321
2024,19,LA,MIN,1.0,0.268616679816459
2024,20,KC,HOU,1.0,0.7310282737407456
2024,20,DET,WAS,0.0,0.8068439395814172
2024,20,BUF,BAL,1.0,0.5044702199567069
2024,20,PHI,LA,1.0,0.7352172522057977
2024,21,KC,BUF,1.0,0.5220977953748992
2024,21,PHI,WAS,1.0,0.6284723657941873
2024,22,PHI,KC,1.0,0.43489092610394176
2025,1,PHI,DAL,1.0,0.812588819306246
2025,1,LAC,KC,1.0,0.29304774723458266
2025,1,NO,ARI,0.0,0.3829837159295925
2025,1,BUF,BAL,1.0,0.4982936924137539
2025,1,JAX,CAR,1.0,0.6022166711209637
2025,1,CLE,CIN,0.0,0.24733694787775132
2025,1,GB,DET,1.0,0.42527489928312834
2025,1,LA,HOU,1.0,0.619476594758353
2025,1,NE,LV,0.0,0.5421105491548553
2025,1,IND,MIA,1.0,0.3484557013616703
2025,1,WAS,NYG,1.0,0.7991573021865771
2025,1,NYJ,PIT,0.0,0.5258972124178191
2025,1,SEA,SF,0.0,0.5638844197285722
2025,1,ATL,TB,0.0,0.3786440616386468
2025,1,DEN,TEN,1.0,0.8455556939603457
2025,1,CHI,MIN,0.0,0.5027503604464658
2025,2,GB,WAS,1.0,0.6149759309690728
2025,2,MIN,ATL,0.0,0.6138016886992611
2025,2,NYJ,BUF,0.0,0.291200723463722
2025,2,ARI,CAR,1.0,0.7581106070748826
2025,2,DET,CHI,1.0,0.8034225947948275
2025,2,BAL,CLE,1.0,0.8622399853920559
2025,2,IND,DEN,1.0,0.42205667800509244
2025,2,CIN,JAX,1.0,0.7491839811581963
2025,2,TEN,LA,0.0,0.2820206637716626
2025,2,MIA,NE,0.0,0.673995578071685
2025,2,DAL,NYG,1.0,0.6808485858083047
2025,2,KC,PHI,0.0,0.4558754825523726
2025,2,PIT,SEA,0.0,0.5894344095941282
2025,2,NO,SF,0.0,0.47827946470014143
2025,2,LV,LAC,0.0,0.3987878706173187
2025,2,HOU,TB,0.0,0.44790926123275115
2025,3,BUF,MIA,1.0,0.7904068659535654
2025,3,SF,ARI,1.0,0.5031128239299714
2025,3,CAR,ATL,1.0,0.35818426854225327
2025,3,MIN,CIN,1.0,0.48744678397424085
2025,3,CHI,DAL,1.0,0.4975201330669251
2025,3,LAC,DEN,1.0,0.5696217184751953
2025,3,CLE,GB,1.0,0.24634467505097096
2025,3,JAX,HOU,1.0,0.4876483454155604
2025,3,TEN,IND,0.0,0.3621600754916151
2025,3,NYG,KC,0.0,0.31679161718961585
2025,3,PHI,LA,1.0,0.715298076783997
2025,3,WAS,LV,1.0,0.671899240608509
2025,3,SEA,NO,1.0,0.7847282736142286
2025,3,TB,NYJ,1.0,0.8144690952211472
2025,3,NE,PIT,0.0,0.5222579561537192
2025,3,BAL,DET,0.0,0.6409113713521455
2025,4,ARI,SEA,0.0,0.5085818877072673
2025,4,KC,BAL,1.0,0.5006729320072534
2025,4,NE,CAR,1.0,0.6014838602830899
2025,4,LV,CHI,0.0,0.5539038274292275
2025,4,DET,CLE,1.0,0.8626671484926643
2025,4,DAL,GB,0.0,0.363117638146788
2025,4,LA,IND,1.0,0.6943509069061471
2025,4,SF,JAX,0.0,0.6487767708352841
2025,4,NYG,LAC,1.0,0.21373841364675522
2025,4,PIT,MIN,1.0,0.3804037267581824
2025,4,BUF,NO,1.0,0.9089397930750535
2025,4,TB,PHI,0.0,0.47058426610889714
2025,4,HOU,TEN,1.0,0.7641000552913373
2025,4,ATL,WAS,1.0,0.48358387789611473
2025,4,DEN,CIN,1.0,0.6462682138233603
2025,4,MIA,NYJ,1.0,0.6792956567042602
2025,5,LA,SF,0.0,0.7612212800789339
2025,5,NYJ,DAL,0.0,0.5339365234936432
2025,5,PHI,DEN,0.0,0.7173848457846493
2025,5,CIN,DET,0.0,0.3056696837327298
2025,5,BAL,HOU,0.0,0.5481381578654748
2025,5,IND,LV,1.0,0.6631200063400856
2025,5,CAR,MIA,1.0,0.4611090938373254
2025,5,CLE,MIN,0.0,0.2228745849018602
2025,5,BUF,NE,0.0,0.8136110893389765
2025,5,NO,NYG,1.0,0.540054770293845
2025,5,SEA,TB,0.0,0.5588833156080839
2025,5,ARI,TEN,0.0,0.8493250915477245
2025,5,LAC,WAS,0.0,0.6067699808809757
2025,5,JAX,KC,1.0,0.38116989824762537
2025,6,NYG,PHI,1.0,0.1746469130156841
2025,6,IND,ARI,1.0,0.6904672384186589
2025,6,GB,CIN,1.0,0.8507509522565131
2025,6,PIT,CLE,1.0,0.7573741047367758
2025,6,CAR,DAL,1.0,0.4626565287536371
2025,6,NYJ,DEN,0.0,0.18646888435635312
2025,6,KC,DET,1.0,0.44766261926258166
2025,6,MIA,LAC,0.0,0.5157100965801574
2025,6,BAL,LA,0.0,0.4084264107427631
2025,6,NO,NE,0.0,0.4229063142912496
2025,6,JAX,SEA,0.0,0.4963175392014597
2025,6,TB,SF,1.0,0.7009511700348845
2025,6,LV,TEN,1.0,0.706268980895819
2025,6,ATL,BUF,1.0,0.3825731971308034
2025,6,WAS,CHI,0.0,0.6971181914155334
2025,7,CIN,PIT,1.0,0.4098596715129748
2025,7,SF,ATL,1.0,0.5483106797478311
2025,7,NYJ,CAR,0.0,0.5663799496756626
2025,7,ARI,GB,0.0,0.3712393536947911
2025,7,LAC,IND,0.0,0.6009429447496789
2025,7,JAX,LA,0.0,0.26097781160160416
2025,7,KC,LV,1.0,0.8031702431774193
2025,7,CLE,MIA,1.0,0.4254701228917443
2025,7,TEN,NE,0.0,0.28884403908854356
2025,7,CHI,NO,1.0,0.6930385752101437
2025,7,DEN,NYG,1.0,0.7901027567029101
2025,7,MIN,PHI,0.0,0.4739341254654016
2025,7,DAL,WAS,1.0,0.43001305283331065
2025,7,SEA,HOU,1.0,0.569621842237503
2025,7,DET,TB,1.0,0.6486499409641288
2025,8,LAC,MIN,1.0,0.5829441583215973
2025,8,CAR,BUF,0.0,0.2772136887192913
2025,8,BAL,CHI,1.0,0.5662331679626944
2025,8,NE,CLE,1.0,0.7422368236423971
2025,8,DEN,DAL,1.0,0.7155327214556921
2025,8,PIT,GB,0.0,0.4582280330604978
2025,8,ATL,MIA,0.0,0.5785395161681929
2025,8,PHI,NYG,1.0,0.8010911926570423
2025,8,CIN,NYJ,0.0,0.6880320332134038
2025,8,HOU,SF,1.0,0.613081032910692
2025,8,NO,TB,0.0,0.2319216907035196
2025,8,IND,TEN,1.0,0.8624578572855671
2025,8,KC,WAS,1.0,0.73678329173107
2025,9,MIA,BAL,0.0,0.5070656299862735
2025,9,NE,ATL,1.0,0.7634016254156902
2025,9,GB,CAR,0.0,0.8444380940230367
2025,9,CIN,CHI,0.0,0.5404298962099078
2025,9,HOU,DEN,0.0,0.48459409367428585
2025,9,PIT,IND,1.0,0.484016439463991
2025,9,LV,JAX,0.0,0.5050118430811138
2025,9,BUF,KC,1.0,0.5786485169049318
2025,9,TEN,LAC,0.0,0.19973503646832966
2025,9,DET,MIN,0.0,0.8911588206824158
2025,9,LA,NO,1.0,0.9289164317148826
2025,9,WAS,SEA,0.0,0.42662934943529
2025,9,NYG,SF,0.0,0.4851281766685251
2025,9,DAL,ARI,0.0,0.5814566165379421
2025,10,DEN,LV,1.0,0.8099000437859404
2025,10,SEA,ARI,1.0,0.7326078159095417
2025,10,IND,ATL,1.0,0.5465902137138714
2025,10,MIN,BAL,0.0,0.3155659897951176
2025,10,MIA,BUF,1.0,0.2795117094965824
2025,10,NYJ,CLE,1.0,0.5488075892825449
2025,10,WAS,DET,0.0,0.2605139606503604
2025,10,HOU,JAX,1.0,0.5473554577710804
2025,10,SF,LA,0.0,0.3725195003763716
2025,10,TB,NE,0.0,0.7133310921415872
2025,10,CAR,NO,0.0,0.7051943750472343
2025,10,CHI,NYG,1.0,0.6844621946815668
2025,10,LAC,PIT,1.0,0.6350130732609409
2025,10,GB,PHI,0.0,0.5114610087455754
2025,11,NE,NYJ,1.0,0.7511672750286804
2025,11,CLE,BAL,0.0,0.21888251726167723
2025,11,ATL,CAR,0.0,0.5900115809418777
2025,11,MIN,CHI,0.0,0.450916294923842
2025,11,PIT,CIN,1.0,0.6071916388335099
2025,11,PHI,DET,1.0,0.5538769924777828
2025,11,NYG,GB,0.0,0.21463635285618937
2025,11,TEN,HOU,0.0,0.26190269444214404
2025,11,DEN,KC,1.0,0.48023930828942324
2025,11,JAX,LAC,1.0,0.39858484825727936
2025,11,LA,SEA,1.0,0.5901161952083649
2025,11,ARI,SF,0.0,0.5069745086345037
2025,11,BUF,TB,1.0,0.6473658455446576
2025,11,MIA,WAS,1.0,0.4855785179857755
2025,11,LV,DAL,0.0,0.44830225567532705
2025,12,HOU,BUF,1.0,0.40932145456062147
2025,12,NO,ATL,0.0,0.6044451893945172
2025,12,LV,CLE,0.0,0.666723387963931
2025,12,KC,IND,1.0,0.6484201909352932
2025,12,ARI,JAX,0.0,0.4969414894096559
2025,12,GB,MIN,1.0,0.7998732324286635
2025,12,CIN,NE,0.0,0.3173864742628664
2025,12,DET,NYG,1.0,0.8840464664895985
2025,12,BAL,NYJ,1.0,0.819142745693083
2025,12,DAL,PHI,1.0,0.3071739700948892
2025,12,CHI,PIT,1.0,0.6073056348615133
2025,12,TEN,SEA,0.0,0.15911702333654035
2025,12,LA,TB,1.0,0.7013100333300241
2025,12,SF,CAR,1.0,0.742335891443999
2025,13,BAL,CIN,0.0,0.7994007569613705
2025,13,DET,GB,0.0,0.5673068798331646
2025,13,DAL,KC,1.0,0.398985832945416
2025,13,PHI,CHI,0.0,0.7535819141643666
2025,13,TB,ARI,1.0,0.73040851344873
2025,13,NYJ,ATL,1.0,0.5140277491578463
2025,13,PIT,BUF,0.0,0.35321797824088425
2025,13,WAS,DEN,0.0,0.3313688016600203
2025,13,IND,HOU,0.0,0.548516466555232
2025,13,TEN,JAX,0.0,0.2547569722944028
2025,13,CAR,LA,1.0,0.2298083504123629
2025,13,LAC,LV,1.0,0.8205071891536108
2025,13,SEA,MIN,1.0,0.8279467279974029
2025,13,MIA,NO,1.0,0.7938394936800618
2025,13,CLE,SF,0.0,0.33780819515916327
2025,13,NE,NYG,1.0,0.8499720245010731
2025,14,DET,DAL,1.0,0.7004019756411562
2025,14,GB,CHI,1.0,0.7042733983475098
2025,14,BUF,CIN,1.0,0.7342780660233063
2025,14,LV,DEN,0.0,0.1706973455726568
2025,14,KC,HOU,0.0,0.6686168353461358
2025,14,JAX,IND,1.0,0.5065674512361651
2025,14,ARI,LA,0.0,0.24917594372782004
2025,14,NYJ,MIA,0.0,0.4210519676693922
2025,14,TB,NO,0.0,0.7903396266510183
2025,14,BAL,PIT,0.0,0.6840053826733777
2025,14,ATL,SEA,0.0,0.31528796367914613
2025,14,CLE,TEN,0.0,0.720036066072123
2025,14,MIN,WAS,1.0,0.4238994296511225
2025,14,LAC,PHI,1.0,0.4709591793243382
2025,15,TB,ATL,0.0,0.6914284483085229
2025,15,HOU,ARI,1.0,0.8210878859672205
2025,15,CIN,BAL,0.0,0.4625597413890839
2025,15,NE,BUF,0.0,0.5353559329372197
2025,15,NO,CAR,1.0,0.41556193082114284
2025,15,CHI,CLE,1.0,0.7718657027798441
2025,15,LA,DET,1.0,0.6022111990656711
2025,15,DEN,GB,1.0,0.5557158497794508
2025,15,SEA,IND,1.0,0.7526981987906042
2025,15,KC,LAC,0.0,0.6122976143050428
2025,15,PHI,LV,1.0,0.8853877046092852
2025,15,DAL,MIN,0.0,0.7090895851755887
2025,15,JAX,NYJ,1.0,0.8560436292225609
2025,15,SF,TEN,1.0,0.9087496069212624
2025,15,NYG,WAS,0.0,0.5392425507266867
2025,15,PIT,MIA,1.0,0.5729223958857979
2025,16,SEA,LA,1.0,0.5001169523892758
2025,16,CHI,GB,1.0,0.4059332991238169
2025,16,WAS,PHI,0.0,0.29784400423218205
2025,16,ARI,ATL,0.0,0.513524251917552
2025,16,CLE,BUF,0.0,0.19181185081437066
2025,16,MIA,CIN,0.0,0.4907351649096861
2025,16,DEN,JAX,0.0,0.7268977740699073
2025,16,TEN,KC,1.0,0.2982283804340473
2025,16,DAL,LAC,0.0,0.49814002979240996
2025,16,HOU,LV,1.0,0.9105347678880602
2025,16,NYG,MIN,0.0,0.4655321674473558
2025,16,BAL,NE,0.0,0.5501995991592197
2025,16,NO,NYJ,1.0,0.6759157750139348
2025,16,DET,PIT,0.0,0.7074165992065601
2025,16,CAR,TB,1.0,0.43046784354525247
2025,16,IND,SF,0.0,0.5186755997963377
2025,17,WAS,DAL,0.0,0.4076963560587472
2025,17,KC,DEN,0.0,0.27694402425366715
2025,17,MIN,DET,1.0,0.26794012961204555
2025,17,GB,BAL,0.0,0.6505420840193608
2025,17,LAC,HOU,0.0,0.5168507288139456
2025,17,CIN,ARI,1.0,0.7431058846822338
2025,17,SF,CHI,1.0,0.6232939656746533
2025,17,IND,JAX,0.0,0.4416781944806662
2025,17,NYJ,NE,0.0,0.21951123099248382
2025,17,TEN,NO,0.0,0.4337837488865141
2025,17,LV,NYG,0.0,0.5155673985785035
2025,17,BUF,PHI,0.0,0.6044194950426292
2025,17,CLE,PIT,1.0,0.27405333874990984
2025,17,CAR,SEA,0.0,0.28223454847868057
2025,17,MIA,TB,1.0,0.5021197353028234
2025,17,ATL,LA,1.0,0.23817883435972534
2025,18,TB,CAR,1.0,0.608709601052429
2025,18,SF,SEA,0.0,0.47876022990843153
2025,18,LA,ARI,1.0,0.861822884280595
2025,18,PIT,BAL,1.0,0.5327523825083061
2025,18,CIN,CLE,0.0,0.7533963598524652
2025,18,NYG,DAL,1.0,0.37365463633337276
2025,18,CHI,DET,0.0,0.4942379119571995
2025,18,MIN,GB,1.0,0.67171295600978
2025,18,HOU,IND,1.0,0.8515545319330561
2025,18,LV,KC,1.0,0.2724841209989544
2025,18,DEN,LAC,1.0,0.7475537755459554
2025,18,NE,MIA,1.0,0.781812903095596
2025,18,ATL,NO,1.0,0.5499268670623995
2025,18,BUF,NYJ,1.0,0.9057944067869875
2025,18,JAX,TEN,1.0,0.8697219787775656
2025,18,PHI,WAS,0.0,0.7386581565306887
2025,19,CHI,GB,1.0,0.5583661702171243
2025,19,CAR,LA,0.0,0.25868627609276557
2025,19,JAX,BUF,0.0,0.5897489027572896
2025,19,NE,LAC,1.0,0.7674608258447264
2025,19,PHI,SF,0.0,0.5066502323829091
2025,19,PIT,HOU,0.0,0.4253813755422838
2025,20,DEN,BUF,1.0,0.6355356017967331
2025,20,SEA,SF,1.0,0.7222878409261332
2025,20,NE,HOU,1.0,0.6023460836995149
2025,20,CHI,LA,0.0,0.42876217340540324
2025,21,SEA,LA,1.0,0.6171223870799637
2025,21,DEN,NE,0.0,0.37643793071975945
2025,22,NE,SEA,0.0,0.3892258579255552
