game_id,week,gameday,away_team,home_team,away_score,home_score,status,home_win_prob,vegas_prob,pick,confidence,winner,correct,neutral,stadium
2026_01_NE_SEA,1,2026-09-09,NE,SEA,10.0,13.0,Final,0.6288633416403069,0.5996387718242023,SEA,0.6288633416403069,SEA,1.0,0,Lumen Field
2026_01_SF_LA,1,2026-09-10,SF,LA,27.0,7.0,Final,0.550370378568353,0.6574752261956054,LA,0.550370378568353,SF,0.0,1,Melbourne Cricket Ground
2026_01_ARI_LAC,1,2026-09-13,ARI,LAC,26.0,14.0,Final,0.7412189559001416,0.7867435158501441,LAC,0.7412189559001416,ARI,0.0,0,SoFi Stadium
2026_01_ATL_PIT,1,2026-09-13,ATL,PIT,13.0,20.0,Final,0.7039856743979475,0.7179705215419501,PIT,0.7039856743979475,PIT,1.0,0,Acrisure Stadium
2026_01_BAL_IND,1,2026-09-13,BAL,IND,41.0,23.0,Final,0.4318003568423025,0.4066302458405761,BAL,0.5681996431576974,BAL,1.0,0,Lucas Oil Stadium
2026_01_BUF_HOU,1,2026-09-13,BUF,HOU,36.0,31.0,Final,0.5677089677353333,0.4956702459300312,HOU,0.5677089677353333,BUF,0.0,0,Reliant Stadium
2026_01_CHI_CAR,1,2026-09-13,CHI,CAR,59.0,37.0,Final,0.44131366025707675,0.4003612281757977,CHI,0.5586863397429233,CHI,1.0,0,Bank of America Stadium
2026_01_CLE_JAX,1,2026-09-13,CLE,JAX,10.0,34.0,Final,0.8197186791630346,0.7913616398243045,JAX,0.8197186791630346,JAX,1.0,0,EverBank Stadium
2026_01_DAL_NYG,1,2026-09-13,DAL,NYG,20.0,28.0,Final,0.49486492066623256,0.4003612281757977,DAL,0.5051350793337674,NYG,0.0,0,MetLife Stadium
2026_01_GB_MIN,1,2026-09-13,GB,MIN,22.0,39.0,Final,0.49376632811258714,0.5324675324675325,GB,0.5062336718874129,MIN,0.0,0,U.S. Bank Stadium
2026_01_MIA_LV,1,2026-09-13,MIA,LV,13.0,27.0,Final,0.45649167094757187,0.6037569709421778,MIA,0.5435083290524281,LV,0.0,0,Allegiant Stadium
2026_01_NO_DET,1,2026-09-13,NO,DET,30.0,31.0,Final,0.7176408953361811,0.7335423197492164,DET,0.7176408953361811,DET,1.0,0,Ford Field
2026_01_NYJ_TEN,1,2026-09-13,NYJ,TEN,23.0,10.0,Final,0.6404460383461059,0.5173641257162701,TEN,0.6404460383461059,NYJ,0.0,0,Nissan Stadium
2026_01_TB_CIN,1,2026-09-13,TB,CIN,27.0,33.0,Final,0.6231019146186711,0.644729178800233,CIN,0.6231019146186711,CIN,1.0,0,Paycor Stadium
2026_01_WAS_PHI,1,2026-09-13,WAS,PHI,22.0,24.0,Final,0.7087945387869651,0.6805555555555556,PHI,0.7087945387869651,PHI,1.0,0,Lincoln Financial Field
2026_01_DEN_KC,1,2026-09-14,DEN,KC,10.0,31.0,Final,0.44501146811413994,0.5427435387673957,DEN,0.5549885318858601,KC,0.0,0,GEHA Field at Arrowhead Stadium
2026_02_DET_BUF,2,2026-09-17,DET,BUF,31.0,41.0,Final,0.6481284122114893,0.6750312469954812,BUF,0.6481284122114893,BUF,1.0,0,Highmark Stadium
2026_02_CAR_ATL,2,2026-09-20,CAR,ATL,34.0,3.0,Final,0.560358705593855,0.4170073589533933,ATL,0.560358705593855,CAR,0.0,0,Mercedes-Benz Stadium
2026_02_CIN_HOU,2,2026-09-20,CIN,HOU,20.0,6.0,Final,0.648899179565062,0.5720596355604638,HOU,0.648899179565062,CIN,0.0,0,Reliant Stadium
2026_02_CLE_TB,2,2026-09-20,CLE,TB,23.0,19.0,Final,0.6777575115673036,0.7768331562167907,TB,0.6777575115673036,CLE,0.0,0,Raymond James Stadium
2026_02_GB_NYJ,2,2026-09-20,GB,NYJ,20.0,17.0,Final,0.32241583913831073,0.3775334481388264,GB,0.6775841608616893,GB,1.0,0,MetLife Stadium
2026_02_IND_KC,2,2026-09-20,IND,KC,30.0,33.0,Final,0.6964253708458868,0.6957699520733487,KC,0.6964253708458868,KC,1.0,0,GEHA Field at Arrowhead Stadium
2026_02_JAX_DEN,2,2026-09-20,JAX,DEN,13.0,20.0,Final,0.5381765184754473,0.5720596355604638,DEN,0.5381765184754473,DEN,1.0,0,Empower Field at Mile High
2026_02_LV_LAC,2,2026-09-20,LV,LAC,26.0,14.0,Final,0.6591764738851817,0.7335423197492164,LAC,0.6591764738851817,LV,0.0,0,SoFi Stadium
2026_02_MIA_SF,2,2026-09-20,MIA,SF,13.0,35.0,Final,0.7793517447603322,0.863013698630137,SF,0.7793517447603322,SF,1.0,0,Levi's Stadium
2026_02_MIN_CHI,2,2026-09-20,MIN,CHI,9.0,3.0,Final,0.6358413662944455,0.6574752261956054,CHI,0.6358413662944455,MIN,0.0,0,Soldier Field
2026_02_NO_BAL,2,2026-09-20,NO,BAL,24.0,17.0,Final,0.7252251209730994,0.7571884984025559,BAL,0.7252251209730994,NO,0.0,0,M&T Bank Stadium
2026_02_PHI_TEN,2,2026-09-20,PHI,TEN,24.0,20.0,Final,0.25521235274276133,0.26645768025078376,PHI,0.7447876472572387,PHI,1.0,0,Nissan Stadium
2026_02_PIT_NE,2,2026-09-20,PIT,NE,3.0,20.0,Final,0.7318652588547606,0.6636481241914618,NE,0.7318652588547606,NE,1.0,0,Gillette Stadium
2026_02_SEA_ARI,2,2026-09-20,SEA,ARI,31.0,7.0,Final,0.3426595250137855,0.34252477380439467,SEA,0.6573404749862145,SEA,1.0,0,State Farm Stadium
2026_02_WAS_DAL,2,2026-09-20,WAS,DAL,20.0,37.0,Final,0.543046216494906,0.6574752261956054,DAL,0.543046216494906,DAL,1.0,0,AT&T Stadium
2026_02_NYG_LA,2,2026-09-21,NYG,LA,6.0,28.0,Final,0.7294552222107276,0.7179705215419501,LA,0.7294552222107276,LA,1.0,0,SoFi Stadium
2026_03_ATL_GB,3,2026-09-24,ATL,GB,35.0,14.0,Final,0.7651241755381804,0.6690070210631895,GB,0.7651241755381804,ATL,0.0,0,Lambeau Field
2026_03_ARI_SF,3,2026-09-27,ARI,SF,30.0,36.0,Final,0.7821115642891405,0.7659021045164341,SF,0.7821115642891405,SF,1.0,0,Levi's Stadium
2026_03_BAL_DAL,3,2026-09-27,BAL,DAL,34.0,31.0,Final,0.4274420288257719,0.3962430290578221,BAL,0.5725579711742281,BAL,1.0,1,Maracana Stadium
2026_03_CAR_CLE,3,2026-09-27,CAR,CLE,18.0,21.0,Final,0.4959094825795051,0.448558885283451,CAR,0.5040905174204948,CLE,0.0,0,Huntington Bank Field
2026_03_CIN_PIT,3,2026-09-27,CIN,PIT,27.0,30.0,Final,0.44891448532726275,0.3835616438356164,CIN,0.5510855146727373,PIT,0.0,0,Acrisure Stadium
2026_03_HOU_IND,3,2026-09-27,HOU,IND,17.0,19.0,Final,0.41559604136385164,0.4675324675324675,HOU,0.5844039586361484,IND,0.0,0,Lucas Oil Stadium
2026_03_KC_MIA,3,2026-09-27,KC,MIA,24.0,10.0,Final,0.3941315169852605,0.17766497461928932,KC,0.6058684830147395,KC,1.0,0,Hard Rock Stadium
2026_03_LAC_BUF,3,2026-09-27,LAC,BUF,16.0,24.0,Final,0.7999788249636253,0.7335423197492164,BUF,0.7999788249636253,BUF,1.0,0,Highmark Stadium
2026_03_LA_DEN,3,2026-09-27,LA,DEN,26.0,30.0,Final,0.5324953921737642,0.5043297540699688,DEN,0.5324953921737642,DEN,1.0,0,Empower Field at Mile High
2026_03_LV_NO,3,2026-09-27,LV,NO,35.0,27.0,Final,0.643316248655669,0.6309403437815976,NO,0.643316248655669,LV,0.0,0,Caesars Superdome
2026_03_MIN_TB,3,2026-09-27,MIN,TB,23.0,16.0,Final,0.41019084623800833,0.4956702459300312,MIN,0.5898091537619916,MIN,1.0,0,Raymond James Stadium
2026_03_NE_JAX,3,2026-09-27,NE,JAX,6.0,35.0,Final,0.5081112841912446,0.593369754159424,JAX,0.5081112841912446,JAX,1.0,0,EverBank Stadium
2026_03_NYJ_DET,3,2026-09-27,NYJ,DET,24.0,31.0,Final,0.8117768642763863,0.7335423197492164,DET,0.8117768642763863,DET,1.0,0,Ford Field
2026_03_SEA_WAS,3,2026-09-27,SEA,WAS,31.0,33.0,Final,0.3194125113398427,0.22849462365591394,SEA,0.6805874886601573,WAS,0.0,0,Northwest Stadium
2026_03_TEN_NYG,3,2026-09-27,TEN,NYG,7.0,12.0,Final,0.6354301704821634,0.5427435387673957,NYG,0.6354301704821634,NYG,1.0,0,MetLife Stadium
2026_03_PHI_CHI,3,2026-09-28,PHI,CHI,7.0,27.0,Final,0.3463081438170234,0.3630958183058778,PHI,0.6536918561829765,CHI,0.0,0,Soldier Field
2026_04_PIT_CLE,4,2026-10-01,PIT,CLE,24.0,27.0,Final,0.46574792658676256,0.42794036443953615,PIT,0.5342520734132374,CLE,0.0,0,Huntington Bank Field
2026_04_ARI_NYG,4,2026-10-04,ARI,NYG,24.0,36.0,Final,0.5885460294505084,0.448558885283451,NYG,0.5885460294505084,NYG,1.0,0,MetLife Stadium
2026_04_DAL_HOU,4,2026-10-04,DAL,HOU,34.0,30.0,Final,0.6391895782700278,0.5829926410466066,HOU,0.6391895782700278,DAL,0.0,0,Reliant Stadium
2026_04_DEN_SF,4,2026-10-04,DEN,SF,14.0,24.0,Final,0.6423346567755961,0.5996387718242023,SF,0.6423346567755961,SF,1.0,0,Levi's Stadium
2026_04_DET_CAR,4,2026-10-04,DET,CAR,26.0,32.0,Final,0.4382041344216817,0.33635187580853815,DET,0.5617958655783183,CAR,0.0,0,Bank of America Stadium
2026_04_GB_TB,4,2026-10-04,GB,TB,17.0,14.0,Final,0.3448014115087883,0.4170073589533933,GB,0.6551985884912117,GB,1.0,0,Raymond James Stadium
2026_04_IND_WAS,4,2026-10-04,IND,WAS,30.0,13.0,Final,0.3947213720630118,0.33099297893681046,IND,0.6052786279369882,IND,1.0,1,Tottenham Hotspur Stadium
2026_04_JAX_CIN,4,2026-10-04,JAX,CIN,22.0,17.0,Final,0.5040915635625108,0.5720596355604638,CIN,0.5040915635625108,JAX,0.0,0,Paycor Stadium
2026_04_KC_LV,4,2026-10-04,KC,LV,30.0,27.0,Final,0.36947334885417327,0.33635187580853815,KC,0.6305266511458267,KC,1.0,0,Allegiant Stadium
2026_04_LAC_SEA,4,2026-10-04,LAC,SEA,23.0,30.0,Final,0.7868623395020713,0.7440690150970525,SEA,0.7868623395020713,SEA,1.0,0,Lumen Field
2026_04_LA_PHI,4,2026-10-04,LA,PHI,24.0,20.0,Final,0.4776773061643736,0.3630958183058778,LA,0.5223226938356265,LA,1.0,0,Lincoln Financial Field
2026_04_MIA_MIN,4,2026-10-04,MIA,MIN,10.0,15.0,Final,0.7856472962475052,0.8081570996978852,MIN,0.7856472962475052,MIN,1.0,0,U.S. Bank Stadium
2026_04_NE_BUF,4,2026-10-04,NE,BUF,29.0,26.0,Final,0.6291954132813862,0.7440690150970525,BUF,0.6291954132813862,NE,0.0,0,Highmark Stadium
2026_04_NYJ_CHI,4,2026-10-04,NYJ,CHI,12.0,23.0,Final,0.719935698183196,0.6309403437815976,CHI,0.719935698183196,CHI,1.0,0,Soldier Field
2026_04_TEN_BAL,4,2026-10-04,TEN,BAL,18.0,24.0,Final,0.835846136474932,0.8524590163934427,BAL,0.835846136474932,BAL,1.0,0,M&T Bank Stadium
2026_04_ATL_NO,4,2026-10-05,ATL,NO,45.0,24.0,Final,0.48828383679021525,0.5173641257162701,ATL,0.5117161632097847,ATL,1.0,0,Caesars Superdome
2026_05_TB_DAL,5,2026-10-08,TB,DAL,,,Upcoming,0.6990137593800086,0.8081570996978852,DAL,0.6990137593800086,,,0,AT&T Stadium
2026_05_BAL_ATL,5,2026-10-11,BAL,ATL,,,Upcoming,0.5056561482211788,0.6037569709421778,ATL,0.5056561482211788,,,0,Mercedes-Benz Stadium
2026_05_CHI_GB,5,2026-10-11,CHI,GB,,,Upcoming,0.604308121429466,0.4572564612326044,GB,0.604308121429466,,,0,Lambeau Field
2026_05_CIN_MIA,5,2026-10-11,CIN,MIA,,,Upcoming,0.42737101054528714,0.26645768025078376,CIN,0.5726289894547129,,,0,Hard Rock Stadium
2026_05_CLE_NYJ,5,2026-10-11,CLE,NYJ,,,Upcoming,0.43828960616283125,0.551441114716549,CLE,0.5617103938371688,,,0,MetLife Stadium
2026_05_DEN_LAC,5,2026-10-11,DEN,LAC,,,Upcoming,0.38730567129060894,0.3775334481388264,DEN,0.6126943287093911,,,0,SoFi Stadium
2026_05_DET_ARI,5,2026-10-11,DET,ARI,,,Upcoming,0.3872205331867823,0.30920711694593195,DET,0.6127794668132177,,,0,State Farm Stadium
2026_05_HOU_TEN,5,2026-10-11,HOU,TEN,,,Upcoming,0.2827812088324678,0.22316684378320936,HOU,0.7172187911675322,,,0,Nissan Stadium
2026_05_IND_PIT,5,2026-10-11,IND,PIT,,,Upcoming,0.5669357487110243,0.5720596355604638,PIT,0.5669357487110243,,,0,Acrisure Stadium
2026_05_LV_NE,5,2026-10-11,LV,NE,,,Upcoming,0.7271749129495142,0.6369041816941223,NE,0.7271749129495142,,,0,Gillette Stadium
2026_05_MIN_NO,5,2026-10-11,MIN,NO,,,Upcoming,0.3338311452155877,0.43650793650793646,MIN,0.6661688547844122,,,0,Caesars Superdome
2026_05_NYG_WAS,5,2026-10-11,NYG,WAS,,,Upcoming,0.4938520683594304,0.6309403437815976,NYG,0.5061479316405696,,,0,Northwest Stadium
2026_05_PHI_JAX,5,2026-10-11,PHI,JAX,,,Upcoming,0.6835840505460219,0.7600000000000001,JAX,0.6835840505460219,,,0,Tottenham Hotspur Stadium
2026_05_SF_SEA,5,2026-10-11,SF,SEA,,,Upcoming,0.4935090589331479,0.593369754159424,SF,0.5064909410668521,,,0,Lumen Field
2026_05_BUF_LA,5,2026-10-12,BUF,LA,,,Upcoming,0.556817596703894,0.6092362344582594,LA,0.556817596703894,,,0,SoFi Stadium
2026_06_SEA_DEN,6,2026-10-15,SEA,DEN,,,Upcoming,0.4899872718312198,0.4675324675324675,SEA,0.5100127281687802,,,0,Empower Field at Mile High
2026_06_ARI_LA,6,2026-10-18,ARI,LA,,,Upcoming,0.7768357912811527,0.827123695976155,LA,0.7768357912811527,,,0,SoFi Stadium
2026_06_BAL_CLE,6,2026-10-18,BAL,CLE,,,Upcoming,0.39077434666771027,0.4170073589533933,BAL,0.6092256533322897,,,0,Huntington Bank Field
2026_06_BUF_LV,6,2026-10-18,BUF,LV,,,Upcoming,0.36517339125735315,0.33099297893681046,BUF,0.6348266087426468,,,0,Allegiant Stadium
2026_06_CAR_PHI,6,2026-10-18,CAR,PHI,,,Upcoming,0.5751173682610027,0.5427435387673957,PHI,0.5751173682610027,,,0,Lincoln Financial Field
2026_06_CHI_ATL,6,2026-10-18,CHI,ATL,,,Upcoming,0.5957210765231974,0.4675324675324675,ATL,0.5957210765231974,,,0,Mercedes-Benz Stadium
2026_06_DAL_GB,6,2026-10-18,DAL,GB,,,Upcoming,0.57476275158442,0.43650793650793646,GB,0.57476275158442,,,0,Lambeau Field
2026_06_HOU_JAX,6,2026-10-18,HOU,JAX,,,Upcoming,0.5576697518408105,0.6092362344582594,JAX,0.5576697518408105,,,1,Wembley Stadium
2026_06_LAC_KC,6,2026-10-18,LAC,KC,,,Upcoming,0.7512838842597402,0.7600000000000001,KC,0.7512838842597402,,,0,GEHA Field at Arrowhead Stadium
2026_06_NO_NYG,6,2026-10-18,NO,NYG,,,Upcoming,0.6054088136546124,0.4826358742837298,NYG,0.6054088136546124,,,0,MetLife Stadium
2026_06_NYJ_NE,6,2026-10-18,NYJ,NE,,,Upcoming,0.801699168838709,0.740871613663133,NE,0.801699168838709,,,0,Gillette Stadium
2026_06_PIT_TB,6,2026-10-18,PIT,TB,,,Upcoming,0.5048711314428553,0.4170073589533933,TB,0.5048711314428553,,,0,Raymond James Stadium
2026_06_TEN_IND,6,2026-10-18,TEN,IND,,,Upcoming,0.7485878179439548,0.7179705215419501,IND,0.7485878179439548,,,0,Lucas Oil Stadium
2026_06_WAS_SF,6,2026-10-19,WAS,SF,,,Upcoming,0.7879440188966649,0.7768331562167907,SF,0.7879440188966649,,,0,Levi's Stadium
2026_07_NE_CHI,7,2026-10-22,NE,CHI,,,Upcoming,0.44534213432483205,,NE,0.554657865675168,,,0,Soldier Field
2026_07_CIN_BAL,7,2026-10-25,CIN,BAL,,,Upcoming,0.5442006241698076,,BAL,0.5442006241698076,,,0,M&T Bank Stadium
2026_07_CLE_TEN,7,2026-10-25,CLE,TEN,,,Upcoming,0.40320077792596193,,CLE,0.5967992220740381,,,0,Nissan Stadium
2026_07_DEN_ARI,7,2026-10-25,DEN,ARI,,,Upcoming,0.33947634599111076,,DEN,0.6605236540088892,,,0,State Farm Stadium
2026_07_GB_DET,7,2026-10-25,GB,DET,,,Upcoming,0.609000422427386,,DET,0.609000422427386,,,0,Ford Field
2026_07_IND_MIN,7,2026-10-25,IND,MIN,,,Upcoming,0.7421626656135711,,MIN,0.7421626656135711,,,0,U.S. Bank Stadium
2026_07_KC_SEA,7,2026-10-25,KC,SEA,,,Upcoming,0.634064573397724,,SEA,0.634064573397724,,,0,Lumen Field
2026_07_LA_LV,7,2026-10-25,LA,LV,,,Upcoming,0.37584921910520164,,LA,0.6241507808947984,,,0,Allegiant Stadium
2026_07_MIA_NYJ,7,2026-10-25,MIA,NYJ,,,Upcoming,0.42019821826654835,,MIA,0.5798017817334516,,,0,MetLife Stadium
2026_07_NYG_HOU,7,2026-10-25,NYG,HOU,,,Upcoming,0.6598264801557091,,HOU,0.6598264801557091,,,0,Reliant Stadium
2026_07_PIT_NO,7,2026-10-25,PIT,NO,,,Upcoming,0.4127713473860999,,PIT,0.5872286526139001,,,1,Stade de France
2026_07_SF_ATL,7,2026-10-25,SF,ATL,,,Upcoming,0.40169062446872283,,SF,0.5983093755312772,,,0,Mercedes-Benz Stadium
2026_07_TB_CAR,7,2026-10-25,TB,CAR,,,Upcoming,0.6481023935307955,,CAR,0.6481023935307955,,,0,Bank of America Stadium
2026_07_DAL_PHI,7,2026-10-26,DAL,PHI,,,Upcoming,0.5631510474986593,,PHI,0.5631510474986593,,,0,Lincoln Financial Field
2026_08_CAR_GB,8,2026-10-29,CAR,GB,,,Upcoming,0.6179139614268128,,GB,0.6179139614268128,,,0,Lambeau Field
2026_08_ARI_DAL,8,2026-11-01,ARI,DAL,,,Upcoming,0.6882041213551997,,DAL,0.6882041213551997,,,0,AT&T Stadium
2026_08_ATL_TB,8,2026-11-01,ATL,TB,,,Upcoming,0.3999635123733303,,ATL,0.6000364876266697,,,0,Raymond James Stadium
2026_08_BAL_BUF,8,2026-11-01,BAL,BUF,,,Upcoming,0.684645380850128,,BUF,0.684645380850128,,,0,Highmark Stadium
2026_08_CLE_PIT,8,2026-11-01,CLE,PIT,,,Upcoming,0.5784093912866201,,PIT,0.5784093912866201,,,0,Acrisure Stadium
2026_08_IND_JAX,8,2026-11-01,IND,JAX,,,Upcoming,0.7268442069244846,,JAX,0.7268442069244846,,,0,EverBank Stadium
2026_08_KC_DEN,8,2026-11-01,KC,DEN,,,Upcoming,0.5109630065191672,,DEN,0.5109630065191672,,,0,Empower Field at Mile High
2026_08_LAC_LA,8,2026-11-01,LAC,LA,,,Upcoming,0.7191745968182937,,LA,0.7191745968182937,,,0,SoFi Stadium
2026_08_LV_NYJ,8,2026-11-01,LV,NYJ,,,Upcoming,0.4338363162611192,,LV,0.5661636837388808,,,0,MetLife Stadium
2026_08_MIN_DET,8,2026-11-01,MIN,DET,,,Upcoming,0.45855327793415435,,MIN,0.5414467220658457,,,0,Ford Field
2026_08_NE_MIA,8,2026-11-01,NE,MIA,,,Upcoming,0.30959646319179585,,NE,0.6904035368082042,,,0,Hard Rock Stadium
2026_08_PHI_WAS,8,2026-11-01,PHI,WAS,,,Upcoming,0.49364148645752665,,PHI,0.5063585135424733,,,0,Northwest Stadium
2026_08_TEN_CIN,8,2026-11-01,TEN,CIN,,,Upcoming,0.7934704050404446,,CIN,0.7934704050404446,,,0,Paycor Stadium
2026_08_CHI_SEA,8,2026-11-02,CHI,SEA,,,Upcoming,0.7071728629425542,,SEA,0.7071728629425542,,,0,Lumen Field
2026_09_JAX_BAL,9,2026-11-05,JAX,BAL,,,Upcoming,0.5074285810660739,,BAL,0.5074285810660739,,,0,M&T Bank Stadium
2026_09_ARI_SEA,9,2026-11-08,ARI,SEA,,,Upcoming,0.7833289269108752,,SEA,0.7833289269108752,,,0,Lumen Field
2026_09_CIN_ATL,9,2026-11-08,CIN,ATL,,,Upcoming,0.4569953494256078,,CIN,0.5430046505743922,,,1,Bernabeu
2026_09_CLE_NO,9,2026-11-08,CLE,NO,,,Upcoming,0.5903898331991915,,NO,0.5903898331991915,,,0,Caesars Superdome
2026_09_DAL_IND,9,2026-11-08,DAL,IND,,,Upcoming,0.5473488528279687,,IND,0.5473488528279687,,,0,Lucas Oil Stadium
2026_09_DEN_CAR,9,2026-11-08,DEN,CAR,,,Upcoming,0.48082351936283035,,DEN,0.5191764806371697,,,0,Bank of America Stadium
2026_09_DET_MIA,9,2026-11-08,DET,MIA,,,Upcoming,0.4149865727849109,,DET,0.5850134272150891,,,0,Hard Rock Stadium
2026_09_GB_NE,9,2026-11-08,GB,NE,,,Upcoming,0.6354959360036814,,NE,0.6354959360036814,,,0,Gillette Stadium
2026_09_HOU_LAC,9,2026-11-08,HOU,LAC,,,Upcoming,0.42730496286254155,,HOU,0.5726950371374584,,,0,SoFi Stadium
2026_09_LA_WAS,9,2026-11-08,LA,WAS,,,Upcoming,0.3597486394614078,,LA,0.6402513605385922,,,0,Northwest Stadium
2026_09_LV_SF,9,2026-11-08,LV,SF,,,Upcoming,0.7991661020064975,,SF,0.7991661020064975,,,0,Levi's Stadium
2026_09_NYG_PHI,9,2026-11-08,NYG,PHI,,,Upcoming,0.5888649704862005,,PHI,0.5888649704862005,,,0,Lincoln Financial Field
2026_09_NYJ_KC,9,2026-11-08,NYJ,KC,,,Upcoming,0.807621803343915,,KC,0.807621803343915,,,0,GEHA Field at Arrowhead Stadium
2026_09_TB_CHI,9,2026-11-08,TB,CHI,,,Upcoming,0.6748105644639392,,CHI,0.6748105644639392,,,0,Soldier Field
2026_09_BUF_MIN,9,2026-11-09,BUF,MIN,,,Upcoming,0.5481888827933623,,MIN,0.5481888827933623,,,0,U.S. Bank Stadium
2026_10_WAS_NYG,10,2026-11-12,WAS,NYG,,,Upcoming,0.5491046114160928,,NYG,0.5491046114160928,,,0,MetLife Stadium
2026_10_BUF_NYJ,10,2026-11-15,BUF,NYJ,,,Upcoming,0.24619061637412626,,BUF,0.7538093836258737,,,0,MetLife Stadium
2026_10_CAR_NO,10,2026-11-15,CAR,NO,,,Upcoming,0.46608803063873083,,CAR,0.5339119693612692,,,0,Caesars Superdome
2026_10_HOU_CLE,10,2026-11-15,HOU,CLE,,,Upcoming,0.46616463190079005,,HOU,0.53383536809921,,,0,Huntington Bank Field
2026_10_JAX_TEN,10,2026-11-15,JAX,TEN,,,Upcoming,0.23107758742352996,,JAX,0.76892241257647,,,0,Nissan Stadium
2026_10_KC_ATL,10,2026-11-15,KC,ATL,,,Upcoming,0.4700592826542608,,KC,0.5299407173457392,,,0,Mercedes-Benz Stadium
2026_10_LA_ARI,10,2026-11-15,LA,ARI,,,Upcoming,0.2924623224475981,,LA,0.7075376775524018,,,0,State Farm Stadium
2026_10_MIA_IND,10,2026-11-15,MIA,IND,,,Upcoming,0.655938018885816,,IND,0.655938018885816,,,0,Lucas Oil Stadium
2026_10_MIN_GB,10,2026-11-15,MIN,GB,,,Upcoming,0.4468201769375024,,MIN,0.5531798230624976,,,0,Lambeau Field
2026_10_NE_DET,10,2026-11-15,NE,DET,,,Upcoming,0.4060352175795588,,NE,0.5939647824204413,,,1,FC Bayern Munich Stadium
2026_10_PIT_CIN,10,2026-11-15,PIT,CIN,,,Upcoming,0.5725498604204016,,CIN,0.5725498604204016,,,0,Paycor Stadium
2026_10_SEA_LV,10,2026-11-15,SEA,LV,,,Upcoming,0.3585452329007356,,SEA,0.6414547670992644,,,0,Allegiant Stadium
2026_10_SF_DAL,10,2026-11-15,SF,DAL,,,Upcoming,0.3895479093236772,,SF,0.6104520906763228,,,0,AT&T Stadium
2026_10_LAC_BAL,10,2026-11-16,LAC,BAL,,,Upcoming,0.7112736435851844,,BAL,0.7112736435851844,,,0,M&T Bank Stadium
2026_11_IND_HOU,11,2026-11-19,IND,HOU,,,Upcoming,0.5847830262068108,,HOU,0.5847830262068108,,,0,Reliant Stadium
2026_11_ARI_KC,11,2026-11-22,ARI,KC,,,Upcoming,0.7674091006883215,,KC,0.7674091006883215,,,0,GEHA Field at Arrowhead Stadium
2026_11_BAL_CAR,11,2026-11-22,BAL,CAR,,,Upcoming,0.47959652762445426,,BAL,0.5204034723755457,,,0,Bank of America Stadium
2026_11_JAX_NYG,11,2026-11-22,JAX,NYG,,,Upcoming,0.38955808949604637,,JAX,0.6104419105039536,,,0,MetLife Stadium
2026_11_LV_DEN,11,2026-11-22,LV,DEN,,,Upcoming,0.7061954020731941,,DEN,0.7061954020731941,,,0,Empower Field at Mile High
2026_11_MIA_BUF,11,2026-11-22,MIA,BUF,,,Upcoming,0.7623807635786762,,BUF,0.7623807635786762,,,0,Highmark Stadium
2026_11_MIN_SF,11,2026-11-22,MIN,SF,,,Upcoming,0.5252426528338007,,SF,0.5252426528338007,,,1,Estadio Banorte
2026_11_NO_CHI,11,2026-11-22,NO,CHI,,,Upcoming,0.6912555410281541,,CHI,0.6912555410281541,,,0,Soldier Field
2026_11_NYJ_LAC,11,2026-11-22,NYJ,LAC,,,Upcoming,0.6675683665405412,,LAC,0.6675683665405412,,,0,SoFi Stadium
2026_11_PIT_PHI,11,2026-11-22,PIT,PHI,,,Upcoming,0.6709800313103349,,PHI,0.6709800313103349,,,0,Lincoln Financial Field
2026_11_TB_DET,11,2026-11-22,TB,DET,,,Upcoming,0.6860607422437373,,DET,0.6860607422437373,,,0,Ford Field
2026_11_TEN_DAL,11,2026-11-22,TEN,DAL,,,Upcoming,0.7699537926707396,,DAL,0.7699537926707396,,,0,AT&T Stadium
2026_11_CIN_WAS,11,2026-11-23,CIN,WAS,,,Upcoming,0.4878736181640993,,CIN,0.5121263818359008,,,0,Northwest Stadium
2026_12_GB_LA,12,2026-11-25,GB,LA,,,Upcoming,0.6682903798154175,,LA,0.6682903798154175,,,0,SoFi Stadium
2026_12_CHI_DET,12,2026-11-26,CHI,DET,,,Upcoming,0.594007129962741,,DET,0.594007129962741,,,0,Ford Field
2026_12_KC_BUF,12,2026-11-26,KC,BUF,,,Upcoming,0.6015034403969058,,BUF,0.6015034403969058,,,0,Highmark Stadium
2026_12_PHI_DAL,12,2026-11-26,PHI,DAL,,,Upcoming,0.5232422398546387,,DAL,0.5232422398546387,,,0,AT&T Stadium
2026_12_DEN_PIT,12,2026-11-27,DEN,PIT,,,Upcoming,0.44345697908685255,,DEN,0.5565430209131474,,,0,Acrisure Stadium
2026_12_ATL_MIN,12,2026-11-29,ATL,MIN,,,Upcoming,0.6317004923145416,,MIN,0.6317004923145416,,,0,U.S. Bank Stadium
2026_12_BAL_HOU,12,2026-11-29,BAL,HOU,,,Upcoming,0.5396065713106695,,HOU,0.5396065713106695,,,0,Reliant Stadium
2026_12_LV_CLE,12,2026-11-29,LV,CLE,,,Upcoming,0.5869736032249618,,CLE,0.5869736032249618,,,0,Huntington Bank Field
2026_12_NE_LAC,12,2026-11-29,NE,LAC,,,Upcoming,0.34826492816698057,,NE,0.6517350718330195,,,0,SoFi Stadium
2026_12_NO_CIN,12,2026-11-29,NO,CIN,,,Upcoming,0.6786671147073261,,CIN,0.6786671147073261,,,0,Paycor Stadium
2026_12_NYG_IND,12,2026-11-29,NYG,IND,,,Upcoming,0.631428505121825,,IND,0.631428505121825,,,0,Lucas Oil Stadium
2026_12_NYJ_MIA,12,2026-11-29,NYJ,MIA,,,Upcoming,0.6163959973404483,,MIA,0.6163959973404483,,,0,Hard Rock Stadium
2026_12_SEA_SF,12,2026-11-29,SEA,SF,,,Upcoming,0.5225661581580603,,SF,0.5225661581580603,,,0,Levi's Stadium
2026_12_TEN_JAX,12,2026-11-29,TEN,JAX,,,Upcoming,0.8230223551383558,,JAX,0.8230223551383558,,,0,EverBank Stadium
2026_12_WAS_ARI,12,2026-11-29,WAS,ARI,,,Upcoming,0.5140748442400943,,ARI,0.5140748442400943,,,0,State Farm Stadium
2026_12_CAR_TB,12,2026-11-30,CAR,TB,,,Upcoming,0.440692124008201,,CAR,0.559307875991799,,,0,Raymond James Stadium
2026_13_KC_LA,13,2026-12-03,KC,LA,,,Upcoming,0.5938642042020663,,LA,0.5938642042020663,,,0,SoFi Stadium
2026_13_BUF_NE,13,2026-12-06,BUF,NE,,,Upcoming,0.488293091554791,,BUF,0.511706908445209,,,0,Gillette Stadium
2026_13_CAR_MIN,13,2026-12-06,CAR,MIN,,,Upcoming,0.7042350010677793,,MIN,0.7042350010677793,,,0,U.S. Bank Stadium
2026_13_CIN_CLE,13,2026-12-06,CIN,CLE,,,Upcoming,0.4389916260095145,,CIN,0.5610083739904854,,,0,Huntington Bank Field
2026_13_DET_ATL,13,2026-12-06,DET,ATL,,,Upcoming,0.5201782562722355,,ATL,0.5201782562722355,,,0,Mercedes-Benz Stadium
2026_13_GB_NO,13,2026-12-06,GB,NO,,,Upcoming,0.422649183068312,,GB,0.577350816931688,,,0,Caesars Superdome
2026_13_HOU_PIT,13,2026-12-06,HOU,PIT,,,Upcoming,0.5120582360168812,,PIT,0.5120582360168812,,,0,Acrisure Stadium
2026_13_JAX_CHI,13,2026-12-06,JAX,CHI,,,Upcoming,0.44427652400772216,,JAX,0.5557234759922778,,,0,Soldier Field
2026_13_LAC_TB,13,2026-12-06,LAC,TB,,,Upcoming,0.5012470260814403,,TB,0.5012470260814403,,,0,Raymond James Stadium
2026_13_MIA_DEN,13,2026-12-06,MIA,DEN,,,Upcoming,0.7363216965538847,,DEN,0.7363216965538847,,,0,Empower Field at Mile High
2026_13_PHI_ARI,13,2026-12-06,PHI,ARI,,,Upcoming,0.3989031046896001,,PHI,0.6010968953103999,,,0,State Farm Stadium
2026_13_SF_NYG,13,2026-12-06,SF,NYG,,,Upcoming,0.33018280324714067,,SF,0.6698171967528593,,,0,MetLife Stadium
2026_13_WAS_TEN,13,2026-12-06,WAS,TEN,,,Upcoming,0.40390741901469307,,WAS,0.5960925809853069,,,0,Nissan Stadium
2026_13_DAL_SEA,13,2026-12-07,DAL,SEA,,,Upcoming,0.6866202627502356,,SEA,0.6866202627502356,,,0,Lumen Field
2026_14_MIN_NE,14,2026-12-10,MIN,NE,,,Upcoming,0.5512587494340452,,NE,0.5512587494340452,,,0,Gillette Stadium
2026_14_ATL_CLE,14,2026-12-13,ATL,CLE,,,Upcoming,0.47928908730695985,,ATL,0.5207109126930402,,,0,Huntington Bank Field
2026_14_BUF_GB,14,2026-12-13,BUF,GB,,,Upcoming,0.4465319329059109,,BUF,0.553468067094089,,,0,Lambeau Field
2026_14_CHI_MIA,14,2026-12-13,CHI,MIA,,,Upcoming,0.46952240937831946,,CHI,0.5304775906216805,,,0,Hard Rock Stadium
2026_14_DEN_NYJ,14,2026-12-13,DEN,NYJ,,,Upcoming,0.35480758696606385,,DEN,0.6451924130339362,,,0,MetLife Stadium
2026_14_HOU_WAS,14,2026-12-13,HOU,WAS,,,Upcoming,0.47264323444041434,,HOU,0.5273567655595857,,,0,Northwest Stadium
2026_14_IND_PHI,14,2026-12-13,IND,PHI,,,Upcoming,0.563936503763359,,PHI,0.563936503763359,,,0,Lincoln Financial Field
2026_14_KC_CIN,14,2026-12-13,KC,CIN,,,Upcoming,0.4674590381830805,,KC,0.5325409618169195,,,0,Paycor Stadium
2026_14_LAC_LV,14,2026-12-13,LAC,LV,,,Upcoming,0.5969139653120599,,LV,0.5969139653120599,,,0,Allegiant Stadium
2026_14_LA_SF,14,2026-12-13,LA,SF,,,Upcoming,0.5680436552017989,,SF,0.5680436552017989,,,0,Levi's Stadium
2026_14_NO_CAR,14,2026-12-13,NO,CAR,,,Upcoming,0.6119718493217847,,CAR,0.6119718493217847,,,0,Bank of America Stadium
2026_14_NYG_SEA,14,2026-12-13,NYG,SEA,,,Upcoming,0.7437282926840413,,SEA,0.7437282926840413,,,0,Lumen Field
2026_14_TB_BAL,14,2026-12-13,TB,BAL,,,Upcoming,0.7624961335579543,,BAL,0.7624961335579543,,,0,M&T Bank Stadium
2026_14_TEN_DET,14,2026-12-13,TEN,DET,,,Upcoming,0.7846627936011972,,DET,0.7846627936011972,,,0,Ford Field
2026_14_PIT_JAX,14,2026-12-14,PIT,JAX,,,Upcoming,0.7187921906707635,,JAX,0.7187921906707635,,,0,EverBank Stadium
2026_15_SF_LAC,15,2026-12-17,SF,LAC,,,Upcoming,0.3343635714787162,,SF,0.6656364285212838,,,0,SoFi Stadium
2026_15_CHI_BUF,15,2026-12-19,CHI,BUF,,,Upcoming,0.7002198476526489,,BUF,0.7002198476526489,,,0,Highmark Stadium
2026_15_SEA_PHI,15,2026-12-19,SEA,PHI,,,Upcoming,0.4326884211573423,,SEA,0.5673115788426577,,,0,Lincoln Financial Field
2026_15_ATL_WAS,15,2026-12-20,ATL,WAS,,,Upcoming,0.4845869795668455,,ATL,0.5154130204331545,,,0,Northwest Stadium
2026_15_BAL_PIT,15,2026-12-20,BAL,PIT,,,Upcoming,0.4249827106202667,,BAL,0.5750172893797333,,,0,Acrisure Stadium
2026_15_CIN_CAR,15,2026-12-20,CIN,CAR,,,Upcoming,0.5158179916707833,,CAR,0.5158179916707833,,,0,Bank of America Stadium
2026_15_CLE_NYG,15,2026-12-20,CLE,NYG,,,Upcoming,0.5763011478885649,,NYG,0.5763011478885649,,,0,MetLife Stadium
2026_15_DAL_LA,15,2026-12-20,DAL,LA,,,Upcoming,0.6489132119171133,,LA,0.6489132119171133,,,0,SoFi Stadium
2026_15_DEN_LV,15,2026-12-20,DEN,LV,,,Upcoming,0.4106739975717387,,DEN,0.5893260024282613,,,0,Allegiant Stadium
2026_15_DET_MIN,15,2026-12-20,DET,MIN,,,Upcoming,0.6333869202668433,,MIN,0.6333869202668433,,,0,U.S. Bank Stadium
2026_15_IND_TEN,15,2026-12-20,IND,TEN,,,Upcoming,0.33678334702823765,,IND,0.6632166529717624,,,0,Nissan Stadium
2026_15_JAX_HOU,15,2026-12-20,JAX,HOU,,,Upcoming,0.44142979687089345,,JAX,0.5585702031291065,,,0,Reliant Stadium
2026_15_MIA_GB,15,2026-12-20,MIA,GB,,,Upcoming,0.6818843345717226,,GB,0.6818843345717226,,,0,Lambeau Field
2026_15_NO_TB,15,2026-12-20,NO,TB,,,Upcoming,0.5137130175453004,,TB,0.5137130175453004,,,0,Raymond James Stadium
2026_15_NYJ_ARI,15,2026-12-20,NYJ,ARI,,,Upcoming,0.6529835431846746,,ARI,0.6529835431846746,,,0,State Farm Stadium
2026_15_NE_KC,15,2026-12-21,NE,KC,,,Upcoming,0.5481080678789046,,KC,0.5481080678789046,,,0,GEHA Field at Arrowhead Stadium
2026_16_HOU_PHI,16,2026-12-24,HOU,PHI,,,Upcoming,0.5678641758786254,,PHI,0.5678641758786254,,,0,Lincoln Financial Field
2026_16_BUF_DEN,16,2026-12-25,BUF,DEN,,,Upcoming,0.4937391136366869,,BUF,0.5062608863633131,,,0,Empower Field at Mile High
2026_16_GB_CHI,16,2026-12-25,GB,CHI,,,Upcoming,0.5151775893005894,,CHI,0.5151775893005894,,,0,Soldier Field
2026_16_LA_SEA,16,2026-12-25,LA,SEA,,,Upcoming,0.5683241394843024,,SEA,0.5683241394843024,,,0,Lumen Field
2026_16_ARI_NO,16,2026-12-27,ARI,NO,,,Upcoming,0.5905383262155266,,NO,0.5905383262155266,,,0,Caesars Superdome
2026_16_CAR_PIT,16,2026-12-27,CAR,PIT,,,Upcoming,0.5474906653091368,,PIT,0.5474906653091368,,,0,Acrisure Stadium
2026_16_CIN_IND,16,2026-12-27,CIN,IND,,,Upcoming,0.5210352284081827,,IND,0.5210352284081827,,,0,Lucas Oil Stadium
2026_16_CLE_BAL,16,2026-12-27,CLE,BAL,,,Upcoming,0.6725948189780426,,BAL,0.6725948189780426,,,0,M&T Bank Stadium
2026_16_JAX_DAL,16,2026-12-27,JAX,DAL,,,Upcoming,0.4405646527314697,,JAX,0.5594353472685303,,,0,AT&T Stadium
2026_16_LAC_MIA,16,2026-12-27,LAC,MIA,,,Upcoming,0.506675055447533,,MIA,0.506675055447533,,,0,Hard Rock Stadium
2026_16_NE_NYJ,16,2026-12-27,NE,NYJ,,,Upcoming,0.28618643132244226,,NE,0.7138135686775577,,,0,MetLife Stadium
2026_16_SF_KC,16,2026-12-27,SF,KC,,,Upcoming,0.4734952690277364,,SF,0.5265047309722636,,,0,GEHA Field at Arrowhead Stadium
2026_16_TB_ATL,16,2026-12-27,TB,ATL,,,Upcoming,0.6668370215423776,,ATL,0.6668370215423776,,,0,Mercedes-Benz Stadium
2026_16_TEN_LV,16,2026-12-27,TEN,LV,,,Upcoming,0.7159448779105688,,LV,0.7159448779105688,,,0,Allegiant Stadium
2026_16_WAS_MIN,16,2026-12-27,WAS,MIN,,,Upcoming,0.7270490601228181,,MIN,0.7270490601228181,,,0,U.S. Bank Stadium
2026_16_NYG_DET,16,2026-12-28,NYG,DET,,,Upcoming,0.662913770393743,,DET,0.662913770393743,,,0,Ford Field
2026_17_BAL_CIN,17,2026-12-31,BAL,CIN,,,Upcoming,0.5003682256603531,,CIN,0.5003682256603531,,,0,Paycor Stadium
2026_17_BUF_MIA,17,2027-01-03,BUF,MIA,,,Upcoming,0.303646408787946,,BUF,0.696353591212054,,,0,Hard Rock Stadium
2026_17_DEN_NE,17,2027-01-03,DEN,NE,,,Upcoming,0.5792972288499143,,NE,0.5792972288499143,,,0,Gillette Stadium
2026_17_DET_CHI,17,2027-01-03,DET,CHI,,,Upcoming,0.5066445377000971,,CHI,0.5066445377000971,,,0,Soldier Field
2026_17_IND_CLE,17,2027-01-03,IND,CLE,,,Upcoming,0.510640649007337,,CLE,0.510640649007337,,,0,Huntington Bank Field
2026_17_KC_LAC,17,2027-01-03,KC,LAC,,,Upcoming,0.3716024767520575,,KC,0.6283975232479425,,,0,SoFi Stadium
2026_17_LA_TB,17,2027-01-03,LA,TB,,,Upcoming,0.31547977508110725,,LA,0.6845202249188928,,,0,Raymond James Stadium
2026_17_LV_ARI,17,2027-01-03,LV,ARI,,,Upcoming,0.49636011357822946,,LV,0.5036398864217706,,,0,State Farm Stadium
2026_17_MIN_NYJ,17,2027-01-03,MIN,NYJ,,,Upcoming,0.29069030116398314,,MIN,0.7093096988360168,,,0,MetLife Stadium
2026_17_NO_ATL,17,2027-01-03,NO,ATL,,,Upcoming,0.6412468464937215,,ATL,0.6412468464937215,,,0,Mercedes-Benz Stadium
2026_17_NYG_DAL,17,2027-01-03,NYG,DAL,,,Upcoming,0.6088822653551448,,DAL,0.6088822653551448,,,0,AT&T Stadium
2026_17_PHI_SF,17,2027-01-03,PHI,SF,,,Upcoming,0.681424200039286,,SF,0.681424200039286,,,0,Levi's Stadium
2026_17_PIT_TEN,17,2027-01-03,PIT,TEN,,,Upcoming,0.38332405747722015,,PIT,0.6166759425227799,,,0,Nissan Stadium
2026_17_SEA_CAR,17,2027-01-03,SEA,CAR,,,Upcoming,0.3814163739211991,,SEA,0.6185836260788009,,,0,Bank of America Stadium
2026_17_WAS_JAX,17,2027-01-03,WAS,JAX,,,Upcoming,0.730728455970902,,JAX,0.730728455970902,,,0,EverBank Stadium
2026_17_HOU_GB,17,2027-01-04,HOU,GB,,,Upcoming,0.5586400940909689,,GB,0.5586400940909689,,,0,Lambeau Field
2026_18_ATL_CAR,18,2027-01-10,ATL,CAR,,,Upcoming,0.5048610937295354,,CAR,0.5048610937295354,,,0,Bank of America Stadium
2026_18_CHI_MIN,18,2027-01-10,CHI,MIN,,,Upcoming,0.6589361145998892,,MIN,0.6589361145998892,,,0,U.S. Bank Stadium
2026_18_CLE_CIN,18,2027-01-10,CLE,CIN,,,Upcoming,0.6497385354911169,,CIN,0.6497385354911169,,,0,Paycor Stadium
2026_18_DAL_WAS,18,2027-01-10,DAL,WAS,,,Upcoming,0.46941794482369587,,DAL,0.5305820551763041,,,0,Northwest Stadium
2026_18_DET_GB,18,2027-01-10,DET,GB,,,Upcoming,0.5146167387882182,,GB,0.5146167387882182,,,0,Lambeau Field
2026_18_JAX_IND,18,2027-01-10,JAX,IND,,,Upcoming,0.39988220057309387,,JAX,0.6001177994269061,,,0,Lucas Oil Stadium
2026_18_LAC_DEN,18,2027-01-10,LAC,DEN,,,Upcoming,0.6686970328839409,,DEN,0.6686970328839409,,,0,Empower Field at Mile High
2026_18_LV_KC,18,2027-01-10,LV,KC,,,Upcoming,0.6812459917723255,,KC,0.6812459917723255,,,0,GEHA Field at Arrowhead Stadium
2026_18_MIA_NE,18,2027-01-10,MIA,NE,,,Upcoming,0.7205571874224846,,NE,0.7205571874224846,,,0,Gillette Stadium
2026_18_NYJ_BUF,18,2027-01-10,NYJ,BUF,,,Upcoming,0.7854515835226441,,BUF,0.7854515835226441,,,0,Highmark Stadium
2026_18_PHI_NYG,18,2027-01-10,PHI,NYG,,,Upcoming,0.4581142375898044,,PHI,0.5418857624101956,,,0,MetLife Stadium
2026_18_PIT_BAL,18,2027-01-10,PIT,BAL,,,Upcoming,0.6577407403790068,,BAL,0.6577407403790068,,,0,M&T Bank Stadium
2026_18_SEA_LA,18,2027-01-10,SEA,LA,,,Upcoming,0.5194547427168212,,LA,0.5194547427168212,,,0,SoFi Stadium
2026_18_SF_ARI,18,2027-01-10,SF,ARI,,,Upcoming,0.27715019172630884,,SF,0.7228498082736912,,,0,State Farm Stadium
2026_18_TB_NO,18,2027-01-10,TB,NO,,,Upcoming,0.5647431034641246,,NO,0.5647431034641246,,,0,Caesars Superdome
2026_18_TEN_HOU,18,2027-01-10,TEN,HOU,,,Upcoming,0.7442205784772615,,HOU,0.7442205784772615,,,0,Reliant Stadium
