game_id,week,away_team,home_team,home_win_prob,pick,confidence,vegas_prob,logged_at,winner,away_score,home_score,correct
2026_05_TB_DAL,5,TB,DAL,0.6990137593800086,DAL,0.6990137593800086,0.8081570996978852,2026-10-08 20:18,,,,
2026_05_BAL_ATL,5,BAL,ATL,0.5056561482211788,ATL,0.5056561482211788,0.6037569709421778,2026-10-08 20:18,,,,
2026_05_CHI_GB,5,CHI,GB,0.604308121429466,GB,0.604308121429466,0.4572564612326044,2026-10-08 20:18,,,,
2026_05_CIN_MIA,5,CIN,MIA,0.4273710105452871,CIN,0.5726289894547129,0.2664576802507837,2026-10-08 20:18,,,,
2026_05_CLE_NYJ,5,CLE,NYJ,0.4382896061628312,CLE,0.5617103938371688,0.551441114716549,2026-10-08 20:18,,,,
2026_05_DEN_LAC,5,DEN,LAC,0.3873056712906089,DEN,0.6126943287093911,0.3775334481388264,2026-10-08 20:18,,,,
2026_05_DET_ARI,5,DET,ARI,0.3872205331867823,DET,0.6127794668132177,0.3092071169459319,2026-10-08 20:18,,,,
2026_05_HOU_TEN,5,HOU,TEN,0.2827812088324678,HOU,0.7172187911675322,0.2231668437832093,2026-10-08 20:18,,,,
2026_05_IND_PIT,5,IND,PIT,0.5669357487110243,PIT,0.5669357487110243,0.5720596355604638,2026-10-08 20:18,,,,
2026_05_LV_NE,5,LV,NE,0.7271749129495142,NE,0.7271749129495142,0.6369041816941223,2026-10-08 20:18,,,,
2026_05_MIN_NO,5,MIN,NO,0.3338311452155877,MIN,0.6661688547844122,0.4365079365079364,2026-10-08 20:18,,,,
2026_05_NYG_WAS,5,NYG,WAS,0.4938520683594304,NYG,0.5061479316405696,0.6309403437815976,2026-10-08 20:18,,,,
2026_05_PHI_JAX,5,PHI,JAX,0.6835840505460219,JAX,0.6835840505460219,0.7600000000000001,2026-10-08 20:18,,,,
2026_05_SF_SEA,5,SF,SEA,0.4935090589331479,SF,0.5064909410668521,0.593369754159424,2026-10-08 20:18,,,,
2026_05_BUF_LA,5,BUF,LA,0.556817596703894,LA,0.556817596703894,0.6092362344582594,2026-10-08 20:18,,,,
