rank,team,elo,qb,qb_rating,def_epa,wins,games,losses,projected_wins
1,SEA,1683.2030839707809,Drew Lock,-0.005131400742537348,-0.15607702981195404,3,4,1,10.939976510903744
2,SF,1634.45356489885,Brock Purdy,0.212305878341974,0.05831830213840347,4,4,0,12.156560764444418
3,BUF,1626.2503511857835,Josh Allen,0.14851869398279333,0.056011887311818324,3,4,1,11.085619981986932
4,MIN,1613.5334032149835,Kyler Murray,0.04148024956097529,-0.20949212691293082,4,4,0,12.039262833259732
5,JAX,1611.6650042372032,Trevor Lawrence,0.10667016153629182,-0.0715094342240909,3,4,1,11.386423578922507
6,NE,1589.5809770003198,Drake Maye,0.10375453191314794,-0.04580210831913475,2,4,2,10.160243032588625
7,LA,1585.3769802758661,Matthew Stafford,0.1551422621462901,-0.09067684464455049,2,4,2,10.003442772673342
8,DEN,1580.4508711095605,Bo Nix,0.0653945698681262,0.00405569333743414,2,4,2,9.610062194378974
9,CHI,1570.7627271755837,Case Keenum,-0.1414362626347179,-0.04534007468282479,3,4,1,8.912454383378877
10,KC,1566.6391548234815,Patrick Mahomes,0.14524641803636923,-0.06321716146973898,4,4,0,11.379648094865681
11,BAL,1552.3036984675061,Lamar Jackson,0.09746297451912839,-0.008499978860726398,3,4,1,10.330104630781308
12,DET,1525.6245378153758,Jared Goff,0.13107892658137663,0.13915291967403498,2,4,2,9.22419979514343
13,PHI,1521.5168733850642,Jalen Hurts,0.04953253104423022,0.01793887629066685,2,4,2,8.723693199178646
14,HOU,1505.6470363395536,C.J. Stroud,0.06277027251786761,-0.060481072502273525,0,4,4,7.124740157157845
15,CIN,1504.4153954280046,Joe Burrow,0.10386595438266055,0.03227831430309083,2,4,2,9.269967731109439
16,PIT,1501.695594705245,Aaron Rodgers,-0.05968256231347363,0.03605686245409465,2,4,2,8.1523043719441
17,ATL,1490.3999494445998,Michael Penix Jr.,0.07511570555401029,-0.036269566654278954,2,4,2,8.757983440310088
18,GB,1480.799638257394,Jordan Love,0.1486220937564669,0.06333034544950644,2,4,2,8.630029546077276
19,IND,1476.8118071301285,Daniel Jones,0.0403855959272551,0.010645148951658053,2,4,2,8.472134476506017
20,DAL,1470.7196464166354,Dak Prescott,0.16204448572601363,0.1980896434761097,2,4,2,8.629194669268784
21,CAR,1460.591139393052,Bryce Young,0.06808620865090705,0.039451120972797966,2,4,2,8.27105259844972
22,NYG,1457.4132106367947,Jameis Winston,-0.04356587191198476,-0.02214384351932982,3,4,1,8.533710970148515
23,CLE,1455.6923896010476,Deshaun Watson,-0.0651899975682858,-0.024096831502958386,3,4,1,8.963909833184944
24,LV,1437.3279551036997,Kirk Cousins,0.00954178882010309,-0.05787932807160458,3,4,1,8.392148242191816
25,LAC,1430.0258712901955,Justin Herbert,-0.009048619892867298,-0.06045420955070462,0,4,4,5.0811447727032535
26,WAS,1412.2903758948487,Marcus Mariota,0.058933437677784334,0.060254250367607266,1,4,3,6.534417942199807
27,TB,1410.655341667184,Jalon Daniels,-0.09379941484159125,-0.01951116155082003,0,4,4,4.973902868349297
28,NO,1403.8706760374469,Tyler Shough,0.012552123575019116,0.06978410516617237,1,4,3,6.6387477864366735
29,ARI,1391.405655021163,Jacoby Brissett,-0.014090685210278574,0.12693762703957756,1,4,3,5.752314732593323
30,MIA,1383.9135089605134,Malik Willis,0.04350618241671586,0.11454143001984897,0,4,4,5.070913698197108
31,NYJ,1361.5074956209003,Geno Smith,-0.09868027771511373,0.09054480158494939,1,4,3,5.138478613746182
32,TEN,1303.4560854912343,Cam Ward,-0.11318566021944529,0.0770692292430832,0,4,4,3.661211776919588
